review_set,review_id,utterance,previous_turn,next_turn,reviewed_Formality,reviewed_Energy,reviewed_Intimacy,reviewed_Humor,reviewed_Curiosity,reviewer_id,review_status,reviewer_notes
gold,gold-0001,"Um the flat co completely flat case is definitely out, right?",yeah.,Yeah,,,,,,,pending,
gold,gold-0002,"and uh, what can you say, you got to love those qualities in an animal.",they're snotty as hell at the best of times,Right.,,,,,,,pending,
gold,gold-0003,or is that a bit ridiculous?,Mm-hmm.,I I don't see why not,,,,,,,pending,
gold,gold-0004,which may not be a great idea in Europe or any country that has seasons 'cause half the year you'd be dead.,Yeah.,"So like what I said, you probably need like a battery and something else.",,,,,,,pending,
gold,gold-0005,"Um, and the rubber case requires rubber buttons, so if we definitely want plastic buttons, we shouldn't have a rubber case.",because it can only be used in the flat cases and it's really heavy.,And why not wood?,,,,,,,pending,
gold,gold-0006,So I think that basically we've got a great product and we can get off and running with it.,so I would say that we got to a five out of seven on on functionality.,Okay.,,,,,,,pending,
gold,gold-0007,Uh as you all know we're here to create a brand new fantastic remote.,I'll just put that there.,Uh I'm Nick Debusk,,,,,,,pending,
gold,gold-0008,And I think the voice recognition sounds wonderful,Mm-hmm.,but our object is so distinctive,,,,,,,pending,
gold,gold-0009,"But it would definitely crop cost, a lot.",I think that would be like the end of our usability.,D,,,,,,,pending,
gold,gold-0010,Takes a little while to get excited to load.,Hold on.,the Excel thing is pretty cool.,,,,,,,pending,
gold,gold-0011,I introduce to the world the amazing ant.,I'm supposed to draw the animal next.,Uh hard worker.,,,,,,,pending,
gold,gold-0012,"If it's kinda small, this is is great.",It depends on the size.,"But if it's it's larger, then you want to grab it.",,,,,,,pending,
gold,gold-0013,I mean mm we we definitely need the the numbers,"No, no",The numbers.,,,,,,,pending,
gold,gold-0014,"I think I think it's great, yeah, great idea.","I mean uh and that's um, you know, that's just something",Do you think it says R_R_?,,,,,,,pending,
gold,gold-0015,I love it. I love it. I think it's cool.,The sort of using of the the pens and writing on these special pads and all that?,Being all wired up and a vibrating pen and it's cool.,,,,,,,pending,
gold,gold-0016,I mean there's also the cachet that um uh the Japanese make great products.,Well,their industrial design is very good.,,,,,,,pending,
gold,gold-0017,Um we should definitely avoid the big square block look.,possibly hidden in the the opened up section,That's just wrong.,,,,,,,pending,
gold,gold-0018,I think we should definitely go ahead with the alarm system idea that you had.,Yeah.,Mm-hmm.,,,,,,,pending,
gold,gold-0019,You with your brilliant ideas.,Slap it.,I don't know if I can touch the power button.,,,,,,,pending,
gold,gold-0020,It is more trendy. That's definitely true.,And I would say take a yellow cover and black buttons.,I think we should th,,,,,,,pending,
gold,gold-0021,That's a great elk.,cows.,"Uh-oh, we have a good artist.",,,,,,,pending,
gold,gold-0022,so we're definitely going for rubber.,Okay,It could be a c it could be a cover.,,,,,,,pending,
gold,gold-0023,this is definitely the best one.,Oh,Uh.,,,,,,,pending,
gold,gold-0024,This would definitely be different enough,Mm.,across the b you would have so many different options that you could do,,,,,,,pending,
gold,gold-0025,I think definitely doing something different,That's my idea.,Yeah.,,,,,,,pending,
gold,gold-0026,but it sounds fantastic.,I've never come across it before,Mm-hmm.,,,,,,,pending,
gold,gold-0027,which is an awful lot,"because then a numeric keypad would come in at um what, four point five Euros",so that could well be wrong.,,,,,,,pending,
gold,gold-0028,but that one is terrible.,"Okay, alright.",I I sent it about three times now.,,,,,,,pending,
gold,gold-0029,I think that's brilliant.,Yeah,Right,,,,,,,pending,
gold,gold-0030,"Just nice feel, but I hate spongy.",Mm.,Yeah,,,,,,,pending,
gold,gold-0031,but it's not absolutely necessary.,"As for the um as for the single curve, um well this edge and this edge, like I say it would be nice to have some curvature to it",Really the curve that's most needed is the underside,,,,,,,pending,
gold,gold-0032,I think that's definitely important.,when we were talking about having it be a modern cool look,Um they say that current remote controls do not match well the operating behaviour of the user.,,,,,,,pending,
gold,gold-0033,"Are they difficult to understand, or maybe they don't interact with different kind of uh equipment very well?",Yes.,Hmm.,,,,,,,pending,
gold,gold-0034,"what can we accomplish, um, given these parameters that we're just gonna sort of have this kind of uh non-remote remote.","Nathan, I'd like you to work on just the basic look and feel","Um, what are our broad constraints before we deve design a prototype.",,,,,,,pending,
gold,gold-0035,"Could you write the words, uh underneath it?",Anything else you need to know?,Oh,,,,,,,pending,
gold,gold-0036,Did you guys uh get that one down?,Okay.,Mm-hmm.,,,,,,,pending,
gold,gold-0037,"'Kay we've already decided that we don't need a teletext button, haven't we?",Okay.,Uh.,,,,,,,pending,
gold,gold-0038,"So uh Pet Peter, can you talk say something about that?",maybe now we can talk about a user interface and uh about the technical function of this device.,"Well, okay, yeah.",,,,,,,pending,
gold,gold-0039,"I was thinking, moving your thumb like this, what does that remind me of?",I was try,Yeah.,,,,,,,pending,
gold,gold-0040,Is it possible to open pen drawings in this uh on this screen?,Okay.,No no no.,,,,,,,pending,
gold,gold-0041,"So that's David, Andrew and Craig, isn't it?",Oh I have to record who's here actually.,And you all arrived on time.,,,,,,,pending,
gold,gold-0042,The target group. Is the remote really for the group we're making it for?,And the cost.,And recognability. If our company is If it is easily recognisable that our company made it?,,,,,,,pending,
gold,gold-0043,"So what exactly we are looking at, is this like the front of the remote?","Um the chip and of course the infra-red bulb, so it can communicate with the various devices that it needs to talk to.",This is just like a rough schematic.,,,,,,,pending,
gold,gold-0044,"Volume up. Volume down. Change the channel, you know channel up, channel down?",would you want to keep saying stuff if you were watching stuff.,Yeah.,,,,,,,pending,
gold,gold-0045,and then I wonder if it's if it's more just a gimmick then anything else.,Yeah.,Uh I mean,,,,,,,pending,
gold,gold-0046,"Okay, anything else we wanna discuss?",Um.,"Well, do we wanna include the numbers like zero through nine?",,,,,,,pending,
gold,gold-0047,"Uh, button supplement special colour?",Mm-hmm.,Speci,,,,,,,pending,
gold,gold-0048,What do you say?,I'll give it a one.,I'd say a two.,,,,,,,pending,
gold,gold-0049,Hundred million uh remotes or something?,Like how much?,"Uh I think uh w when the selling price is twenty five, uh uh you got two million, two million remotes.",,,,,,,pending,
gold,gold-0050,do you need to add anything?,Yes master.,No.,,,,,,,pending,
gold,gold-0051,That's your uh prototype model?,So that's pretty much it for our presentation actually.,Yeah.,,,,,,,pending,
gold,gold-0052,Do we have both sides?,"Well, you could do some on both sides.",Can we?,,,,,,,pending,
gold,gold-0053,"It isn't, I think, yeah?","Uh, is it possible uh of is it necessary to make a touch-screen square?","Well, m I don't know. No.",,,,,,,pending,
gold,gold-0054,For our base one?,I kind of like that look.,"Yeah, for the base",,,,,,,pending,
gold,gold-0055,what's the selling price?,But we could couldn't uh what,Fifty?,,,,,,,pending,
gold,gold-0056,Uh what uh I have to do?,That's the first slide.,Okay so uh presently I am looking what is possible to use,,,,,,,pending,
gold,gold-0057,Just down here? Yeah.,"Right, um where did you find this?",Okay.,,,,,,,pending,
gold,gold-0058,"There is? Yeah, there is.",Uh maybe during the discussion uh section?,Okay.,,,,,,,pending,
gold,gold-0059,"So we have forty minutes to discuss and uh finalise and close the product and project and to move further, okay",and uh production evaluation. Then uh closing.,"Okay, let's talk about uh maybe first uh for the prototype.",,,,,,,pending,
gold,gold-0060,It bounces back from the floor where you throw it.,Yeah.,Yeah.,,,,,,,pending,
gold,gold-0061,if you buy it uh separately from your phone it's probably expensive,Yeah,Ah yeah.,,,,,,,pending,
gold,gold-0062,"Okay, so now uh we're moving on to finance",Oops.,okay.,,,,,,,pending,
gold,gold-0063,we can stick with what we've already got.,Mm.,In a lot other ways too.,,,,,,,pending,
gold,gold-0064,That's what I was just saying,"Yeah, yeah but you can do it with your thumb li",and then have the and then have the L_C_D_ at the top,,,,,,,pending,
gold,gold-0065,Uh got a single curved uh rubber,And then,f uh fancy coloured remote control.,,,,,,,pending,
gold,gold-0066,So that they're separate a bit,Okay.,yeah.,,,,,,,pending,
gold,gold-0067,but mostly that's relatively peripheral functions.,and of course there is a certain amount of sort of loss of function here obviously,And so you go for something that's fairly intuitive to use,,,,,,,pending,
gold,gold-0068,"Do you know, uhm I love movies, don't you",Uh-huh .,Yes. I do know about it. Uh-huh .,,,,,,,pending,
gold,gold-0069,So hum I love to watch uh action or lo mm kind of uh um kind of uh maybe almost,Yeah?,I see . O K. Good.,,,,,,,pending,
gold,gold-0070,"I I was very willing to I was excited I was excited about the party and I hope you wo would er set up another, you know, um teriyaki party or yakiniku party",Hmm .,Mh-hmm . Oh of course.,,,,,,,pending,
gold,gold-0071,And then the bike man was really angry because the the car the his bike was broken and and his cell phone was also broken,"O K. One day last week, a man was driving",O K.,,,,,,,pending,
gold,gold-0072,So after all it was a great weekend although um there was a lot of happenings,Hm .,Hm . O K. Thank you.,,,,,,,pending,
gold,gold-0073,And he he he looks that something happened but he's not he's not serious So I was very angry with him,Right.,O K. Thank you very much.,,,,,,,pending,
gold,gold-0074,some fantastic or some er I think this movie that movie was very umm adventurous movie And they saw,"Er one day last week, er .",Mhm .,,,,,,,pending,
gold,gold-0075,And ur it was a great it was a great fun to talk with people abroad and er to know things I don't know,Uhmm . How did you enjoy your life in England?,Uh-huh . Uh-huh .,,,,,,,pending,
gold,gold-0076,"Also um I would er go through the Internet and um yeah, usually Internet is a great source",Hm .,Mh-hmm .,,,,,,,pending,
gold,gold-0077,"But then like maybe ten, eleven, twelve years ago, I thought ur well people who love to eat meat or eggs, eh eh that's fine",Mm-hm .,Mm-hm .,,,,,,,pending,
gold,gold-0078,I love be I love cat um bet um than I li I prefer cat to dogs,"Which do you like better, dog or cat?",O K. Why is that?,,,,,,,pending,
gold,gold-0079,That that was really terrible to him because the bike man said it's my brother's fault,. Um .,That's too bad .,,,,,,,pending,
gold,gold-0080,"I love er beer er and I er I also talk some of er happenings or er things happened while we no, he he was away",O K.,O K. Alright. Could you tell me the last time you ate in a restaurant?,,,,,,,pending,
gold,gold-0081,Mm the film was is very nice and great,,O K . You said you live alone. Right ?,,,,,,,pending,
gold,gold-0082,"So ahm I can't say that ah my my marriage life is ahm wonderful ,",I see. Um . Ahm . How do you enjoy your married life?,,,,,,,,pending,
gold,gold-0083,It's exciting er it's excited I I'm excited So I'm glad I was glad,Hum .,Hum . I see. O K. It sounds very fun. Thank you.,,,,,,,pending,
gold,gold-0084,"I love I love her and er she loves me,",Uhu .,Hm .,,,,,,,pending,
gold,gold-0085,"Yeah, so very er you know, the wonderful time",It's Sunday yesterday .,Mhmm .,,,,,,,pending,
gold,gold-0086,But the the rider was so angry because his his bike was broken,"O K, this happened in the past, so please make a story based on these six pictures. And please start with ""One day last week,""","O K, Thank you. Now Mister XXX02 , have you been involved in any car accident before in your life?",,,,,,,pending,
gold,gold-0087,I I I I don't think about I hate about per person that person,Um what do you think about people who leave their pets on the street?,Uh-huh .,,,,,,,pending,
gold,gold-0088,So they had a really wonderful day in the zoo,Sure.,"All right, thank you very much. So I think uh you see many couples in XXX03 campus. Young couples.",,,,,,,pending,
gold,gold-0089,"And these days, technology is really ur great",Mm-hm .,Mm .,,,,,,,pending,
gold,gold-0090,And he got angry with the man who hit him,Hisashi ? O K .,"Wow . Thank you very much. O K. XXX02 ,",,,,,,,pending,
gold,gold-0091,"And at the at night, it is very fantastic of er light",Hum .,I see. O K. Thank you.,,,,,,,pending,
gold,gold-0092,"And I really love him, so my favorite movie is",Uh-huh .,"O K. Yeah. I like that movie, too.",,,,,,,pending,
gold,gold-0093,And of course love means a boy and a girl,Mh-hmm .,Mm-hm .,,,,,,,pending,
gold,gold-0094,He has great skill of tennis,Wow,I see.,,,,,,,pending,
gold,gold-0095,I read it and very excited,How do you feel about it?,Uum . I see. Do you know about your host family?,,,,,,,pending,
gold,gold-0096,"We love there kind of , yes",Um . Good .,O K mhm-huh . And do you live with your family?,,,,,,,pending,
gold,gold-0097,Mm I think he is great actor,Why do you like him?,Why?,,,,,,,pending,
gold,gold-0098,You love horror movie,Oh I love horror movie .,,,,,,,,pending,
gold,gold-0099,Ur I love fishing in particular,Mhm .,Mhm .,,,,,,,pending,
gold,gold-0100,Erm Because I hate er cold days,"Um . So, why did you stop skiing?",,,,,,,,pending,
gold,gold-0101,Er well it was really terrible,Can you tell me what happened? How did you deal with that ?,he was lucky . Mm .,,,,,,,pending,
gold,gold-0102,Both course is great,Oh .,Oh I'm glad to hear that .,,,,,,,pending,
gold,gold-0103,Err I love Chinese Chinese dishes,Right. What's your specialty?,Hm .,,,,,,,pending,
gold,gold-0104,it's safety but food is terrible,Hum .,Really?,,,,,,,pending,
gold,gold-0105,So so so so well how much er how much money er do I need to buy it,"It yeah, it leaves in fifteen minutes.",Two hundred dollars .,,,,,,,pending,
gold,gold-0106,"Because urr err we like my husband I like having party but er so err our err party friend almost err people have no children or err already children grew up so err always yes, err I suggest, yes, please use my my house","O K. Yeah. Thank you very much. The role play is over. So, do you have any experience like this? You made appointment with your friend but you couldn't make ?","Uh-hum . O K. If you are in the situation like this role play ,",,,,,,,pending,
gold,gold-0107,Is it ur urm it's now it's winter but but now it's winter,Urr Indonesia or Malaysia.,Mhm,,,,,,,pending,
gold,gold-0108,"Or ur ""Please omit the or whatever is inside",Mm mm .,Mhm .,,,,,,,pending,
gold,gold-0109,"I'd like to pay by credit card, please",Would you like to pay er by credit card or by cash?,O K. It's ten thousand yen.,,,,,,,pending,
gold,gold-0110,How much does it cost to go by express,Yes. Of course.,Express. Ah thirty-five.,,,,,,,pending,
gold,gold-0111,And and how much is this um pack of cookies,Right this corner.,It's three thousand yen.,,,,,,,pending,
gold,gold-0112,please get err give me the express express ticket,We have express and semi er semi-express and local.,O K.,,,,,,,pending,
gold,gold-0113,So so then er do you know ah Milano za,I know I know every every place in Shinjuku. Yeah.,Mhm-huh .,,,,,,,pending,
gold,gold-0114,Well tough question because I lived in America when I was really small,O K. So could you compare this mm ski area in America to France?,Oh really?,,,,,,,pending,
gold,gold-0115,asked some question how the accident had happened Then,Yes. Please .,Uh-huh .,,,,,,,pending,
gold,gold-0116,"er how can you say, the taste",I see .,Mm-hum . Mm-huh .,,,,,,,pending,
gold,gold-0117,It's a very difficult question,what other things do you do to relax yourself?,Hm .,,,,,,,pending,
gold,gold-0118,So um and how much is it,O K. .,Ur it's one hundred dollars.,,,,,,,pending,
gold,gold-0119,Do you know Ryan Air,Umm .,No.,,,,,,,pending,
gold,gold-0120,"Er could you discount, please",Mh-hmm .,Ah no.,,,,,,,pending,
gold,gold-0121,Can you imagine that,Oh .,Oh I see.,,,,,,,pending,
gold,gold-0122,"Do you like spicy,",Wow . Thailand. O K .,"Yes. I like spicy ,",,,,,,,pending,
gold,gold-0123,Should I say her name too,"Ah . O K. Can you tell me er can you describe one er uh of your friends in the dance club, maybe a close friend of yours?","Oh it doesn't matter. Er "" she "".",,,,,,,pending,
gold,gold-0124,Many question from foreign investors,"Hum . Yes. So, do you want to work in a foreign country in the future?","So, what do you like most about your job?",,,,,,,pending,
gold,gold-0125,do you need to prepare,"Yeah, I'm free.",I can meet you at er six six thirty.,,,,,,,pending,
gold,gold-0126,"One day last week, my wante my mother was looking in the refrigerator and she saw that there were no mm no food in there","I want you to do. This time, I want you to make a short story using these six pictures. O K? This happened last week. And make a very short story using all these six pictures starting from here, ending here. O K? And start your story with this phrase, ""One day last week"". That can be anybody.",Hm . O K .,,,,,,,pending,
gold,gold-0127,"And I'm I'm the marketing managers, and work with three brand managers erm in a area of the tea black tea,",Right. O K. What's your responsibility at work?,Hum .,,,,,,,pending,
gold,gold-0128,"and pretty huge house in the United States, I guess",Um-huh .,Un .,,,,,,,pending,
gold,gold-0129,"Ah ah I go to England, France, Italy, Doitsu , Berugi , Oranda",Where have you been?,"Wow . So, tell me about the best country you've ever been to.",,,,,,,pending,
gold,gold-0130,uh so I was like I was kind of erm looking forward to go,Ohh .,Umm .,,,,,,,pending,
gold,gold-0131,Err this place err looks looks like calm,Uh-huh .,Uh-huh .,,,,,,,pending,
gold,gold-0132,"I I like reading books, listening music, singing songs and having a sleep",Uhu .,. All right. So tell me about your favorite book.,,,,,,,pending,
gold,gold-0133,The girl eat ice cream,"Now, I'm erm let's do this. Please make a story with these pictures. And start with ""One day last week,"" O K?","Um . O K. Thank you, XXX02 .",,,,,,,pending,
gold,gold-0134,I guess that's about it,Mh-hmm .,O K.,,,,,,,pending,
gold,gold-0135,it's a green tie,Um .,Um .,,,,,,,pending,
gold,gold-0136,"Great, it sounds good. Can you tell me? Yes. And can you tell me who stars in the film?",should i book the tickets for this time?,"sure i can do that. rami balek, brian may, and ben hardy star in the film.",,,,,,,pending,
gold,gold-0137,That's quite alright with me. The obscore atmosphere you described at the second location sounds like a wonderful experience. Would you be able to reserve a table for me some time tonight for my party of three?,It looks like they do not accept american express.,"certainly, did you have a specific time in mind for tonight?",,,,,,,pending,
gold,gold-0138,"Okay, fantastic. I'll choose the most economical option of the three options. What is the most economical option on the price per plate option?",it's about 20 dollars a plate.,"Fantastic. Can I go with that one? Can I have phone number, please?",,,,,,,pending,
gold,gold-0139,"And also, could you please make sure that this the restaurant has a kids' menu option? I would prefer that they have a rating of four stars and up, and a buffet for lunch would be great.",I am at the Arden Fair mall in Sacramento.,Sure thing. I'll take a moment to look for the best options. Please be patient.,,,,,,,pending,
gold,gold-0140,"Okay, that's great. Could you tell me what the price range is for both restaurants?","sure, kusakabe is rated at 4.8 out of 5 stars and wako japanese restaurant is rated at 4.7 out of 5 stars.","sure, they are both rated at 4 out of 5 stars in terms of price.",,,,,,,pending,
gold,gold-0141,"Yeah, that's great. I want to pick up the order, how long will it take?","great, your total will be $80, is that ok?","would you like to dine-in, pick-up, or have your order delivered?",,,,,,,pending,
gold,gold-0142,"Okay, that sounds great. Could you give me the phone number for the restaurant?",Less than 30 dollars for 2 people typically.,Sure thing one moment.,,,,,,,pending,
gold,gold-0143,Awesome. Can you send them to my to my mobile as a text message?,sure! you're all set. 2 tickets for the upside at 9:55pm at edwards metro pointe 12.,absolutely! you will receive your tickets via text message.,,,,,,,pending,
gold,gold-0144,"Great, would you mind giving me the phone number for Gama Singh?",They are a bit busy but there is no wait time.,"Sure, it's 9 1 6.",,,,,,,pending,
gold,gold-0145,"Oh, that's great. Do you know if they have an all-you-can-eat option?",Starbelly has a patio.,"no, they do not have an all you can eat buffet.",,,,,,,pending,
gold,gold-0146,"Fantastic. Can I go with that one? Can I have phone number, please?","Okay, fantastic. I'll choose the most economical option of the three options. What is the most economical option on the price per plate option?",sure it's (916) 448-3481.,,,,,,,pending,
gold,gold-0147,Great! Can you get me a ticket for that show?,"Is AMC, Champaign playing it, as well?",Thank you.,,,,,,,pending,
gold,gold-0148,"Awesome, and does the other place sell wine by the bottle?","yes, Rose's Cafe has an eggplant parmesan which is popular amongst their customer reviewers.","yes, piccino has wine options by the glass and bottle.",,,,,,,pending,
gold,gold-0149,"Yeah, that's great. Could you get four tickets?","the next showing is at 1:50pm, is that ok?","great, your total will be $48, is that ok?",,,,,,,pending,
gold,gold-0150,Great. Does the restaurant have meatballs? Does the restaurant have linguine?,There aren't any available at 7. How about 8?,Great. that's 1 person at 8 pm for Cotogna.,,,,,,,pending,
gold,gold-0151,"Great. And a second one, do they have guacamole on their menu?","They both sound good. Could you tell me if Don Pisto's, is there required attire?",8:30 party of four?,,,,,,,pending,
gold,gold-0152,"Okay, great. How long do you think he'll take?","Sure, one Venti Caramel Brulée Latte.",What milk do you like for the drink?,,,,,,,pending,
gold,gold-0153,"That sounds great. I would like three tickets, please.",I have a showing at 3:45 at the alamo draft house.,Great. Let me book those for you. It'll take a moment.,,,,,,,pending,
gold,gold-0154,Great. Do they have any specials?,"Hakkasan, is a Asian fusion restaurant just a block down that is open for dinner.",They seem to specialize in Cantonese cuisine.,,,,,,,pending,
gold,gold-0155,Great. And are they currently busy?,"yes, they do have on site parking.","no, they are not currently busy. they have no wait time.",,,,,,,pending,
gold,gold-0156,I am doing great. How are you?,"hi, how are you today?",I'd like to order some pizzas from a new pizzeria called Bella Luna.,,,,,,,pending,
gold,gold-0157,"Okay. Yes, please. Great, thank you.","sure, 2 adult tickets for the 7:40 showing of stan and olli's at santiko's embassy. that'll be $24.",would u like me to charge the card on file now.,,,,,,,pending,
gold,gold-0158,"Thank you very much, you have a great wonderful day. I really enjoyed talking to you.","Oh, that's great. That's pretty cheap like tall coffee.",It is! no problem!,,,,,,,pending,
gold,gold-0159,Awesome. Thank you. Thank you. I'll go there now.,your receipt will be texted to you and your drink will be ready in 5 minutes.,can i help you with anything else?,,,,,,,pending,
gold,gold-0160,"Okay, that sounds great. I know where that Starbucks is.","I can give you the address. It's 333 Nathan lane, across from the Starbucks.",Great. And it's going to be 89 dollars to inspect your car but that goes towards the total repair cost.,,,,,,,pending,
gold,gold-0161,Great. Thank you. Nope. That'll be it.,did you need anything else?,"thanks, bye.",,,,,,,pending,
gold,gold-0162,"Oh, that's great. Thank you so much.","perfect, your pizzas will be ready in 30 minutes.",Have a great day.,,,,,,,pending,
gold,gold-0163,Great. Thank you very much.,Enjoy the movie.,you're welcome! take care.,,,,,,,pending,
gold,gold-0164,"Yeah, that sounds great.",looks like they're booked for the week and the next available is this monday at 8:30am. does that work for you?,"and before i confirm the details, please say ""yes"" if you understand and agree to the $89 inspection fee.",,,,,,,pending,
gold,gold-0165,That is absolutely correct.,"ok, i have booked 2 tickets to watch the upside at century arden 14 at 9:45 tonight, is that correct?","ok, your tickets and receipt will be texted to you.",,,,,,,pending,
gold,gold-0166,Great. That's all for me. Thank you.,"ok, your coffee will be ready for pickup soon at the Starbucks on route 40.",Great. That's all for me. Thank you.,,,,,,,pending,
gold,gold-0167,Alright. Awesome. Thank you.,the phone number for chando's tacos is (916) 641-8226.,you are welcome.,,,,,,,pending,
gold,gold-0168,"The dark at the first location sound divine. Could you please book me the next available dinner reservation at that location for my party of eight, please?",dinner begins at 5pm at e& o kitchen and bar.,i sure will. the next available reservation time for 8 people at hakkasan will be at 6pm tonight. should i book this time slot now?,,,,,,,pending,
gold,gold-0169,Hey. Can you help me place a Starbucks order from the Starbucks on Walnut Street in Philadelphia?,"hi, how can i help you?","sure, what would you like to order?",,,,,,,pending,
gold,gold-0170,"On one of them, can I get Canadian bacon and pineapple and the other one, can I get spinach deluxe but hold the onions on that one? No onions.","sure, what toppings?","so your order is: 2 small gluten free pizzas. one with canadian bacon and pineapple. the second is spinach delux with onions, is this correct?",,,,,,,pending,
gold,gold-0171,I live in New York City uptown. What is the best Starbucks near me?,I would like to order something from the menu of Starbucks.,In New York City?,,,,,,,pending,
gold,gold-0172,"Yeah, that sounds good. Can you book two tickets for that?",is that okay?,I certainly can.,,,,,,,pending,
gold,gold-0173,Can I get a chicken barbecue with gluten-free crust?,"sorry, bella luna does not have a korean bbq option. did you want other toppings?",you got it.,,,,,,,pending,
gold,gold-0174,And what kind of ride is this going to be?,the trip should take about 12 minutes.,it's an uberxl.,,,,,,,pending,
gold,gold-0175,"All right, one quick question one last quick question, who directed Glass?","ok, i have booked 1 ticket to see Glass at 2:30, your ticket and receipt will be texted to you.",let me check that for you.,,,,,,,pending,
gold,gold-0176,"Okay. Could you tell me on the first one, do they have parking nearby?","The next one I found is SHanghai Garden which boasts Casual Chinese restaurant providing an assortment of familiar dishes, including vegetarian options. and a 4.0 rating.",Yes they do.,,,,,,,pending,
gold,gold-0177,Could you tell me who directed the movie?,anything else i can help with?,"yeah, that would be james wan.",,,,,,,pending,
gold,gold-0178,"Hi, could you help me with placing an order at Starbucks?","hello, how can i help you today?",i sure can. what did you want to order?,,,,,,,pending,
gold,gold-0179,Am I able to order take out from Don Pistos?,nopalito generally has a larger traffic flow from 7 to 8pm.,"yes, you can order take out from don pistos.",,,,,,,pending,
gold,gold-0180,Does Buckhorn Grill have seating for children now?,second choice?,Does the first choice have a vegetarian menu or no?,,,,,,,pending,
gold,gold-0181,Could you tell me what their Yelp reviews are?,"Oh, okay. And",they are both rated at 4.4 out of 5 stars.,,,,,,,pending,
gold,gold-0182,"Cool. Can I get a side of fries, then?",it looks like you can add a side for free.,"sure, i can add that to your order.",,,,,,,pending,
gold,gold-0183,"Oh, okay. So, then I should be out around Let's see 12:55. So, like 2:00, almost 3:00, right?","Oh, okay. So, then I should be out around Let's see 12:55. So, like 2:00, almost 3:00, right?","That sounds about right, except one problem, that showtime is sold out. should I pick another one or cancel the order?",,,,,,,pending,
gold,gold-0184,"Hi. I'd like to place a Starbucks pickup order, please.","hi, how can i help you?","sure, what would you like to order?",,,,,,,pending,
gold,gold-0185,"All right. Let me Let me book a reservation for Akiko, please.",you can order carry out and even have your food delivered however there is no outdoor seating.,"ok, when would you like to book your reservation?",,,,,,,pending,
gold,gold-0186,Could you please make an appointment?,"aww, sorry to hear.",would you like to make an appointment at intelligent auto imports?,,,,,,,pending,
gold,gold-0187,Can you book it?,correct. the total for 2 tickets is $24.49.,sure! you're all set. 2 tickets for the upside at 9:55pm at edwards metro pointe 12.,,,,,,,pending,
gold,gold-0188,Could I have a cinnamon dolce latte?,"Great! yes, what would you like?","Sure, which size would you like?",,,,,,,pending,
gold,gold-0189,Then what did you learn yesterday?,I believe so.,I learned How to schedule a ride?,,,,,,,pending,
gold,gold-0190,It's going to be $2.40 for what?,"Alright, that's going to be an extra $2.40 for premium okay?",Premium toppings.,,,,,,,pending,
gold,gold-0191,Okay. What's the next option?,it is rated at 4 out of 5 stars in terms of price.,cala is rated at 3 out of 5 stars in terms of price.,,,,,,,pending,
gold,gold-0192,Who stars in the film?,While I book that do you need anything else?,"Chris pratt, Jason Momoa, and Margot Robbie.",,,,,,,pending,
gold,gold-0193,Okay. How long will the trip be?,got it. your fare estimate is $9.49.,the trip should take 11 minutes.,,,,,,,pending,
gold,gold-0194,"Yeah, please add a gluten-free crust.","So that's 4 large veggie pizzas, anything else?","Great, with the gluten free crust your total is $110.66.",,,,,,,pending,
gold,gold-0195,"All right, perfect. Thank you very much for your help, I really appreciate it.",4 7 9 4.,you're very welcome. i appreciate your kindness.,,,,,,,pending,
gold,gold-0196,On Whittier Boulevard in the city of Whittier.,Got it. So that's a tall caffe latte from starbucks. Can you tell me which one you want to pick it up from?,Got it. I've placed your order with whittier blvd's starbucks. It'll be ready soon.,,,,,,,pending,
gold,gold-0197,Yes. I'm look I really need a restaurant that serves gluten-free food as well.,Did you have any other factors to keep in mind?,Alright one moment.,,,,,,,pending,
gold,gold-0198,"Sure I am in Warrington, Pennsylvania.","sure, please tell me what city and state you're in and i'll find theaters near you.",are you near the regal cinemas warrington crossing 22?,,,,,,,pending,
gold,gold-0199,I need to make a change.,"great, your total will be $72, is that ok?","ok, what would you like to change?",,,,,,,pending,
gold,gold-0200,"It's 1543 North Kingsbury Street, Chicago, IL 64642.","Yes, I'm sorry.","Aha, there it is, One moment.",,,,,,,pending,
